Workbook
Name LIST_INDUSTRY: OFFSET(维度字典!$A$2,0,0,COUNTA(维度字典!$A$2:$A$197),1)
Name LIST_METRIC_SYS: OFFSET(维度字典!#REF!,0,0,COUNTA(维度字典!#REF!),1)
Name LIST_METRIC_TARGET: OFFSET(维度字典!$K$2,0,0,COUNTA(维度字典!$K$2:$K$197),1)
Name LIST_MONTH: 维度字典!#REF!
Name LIST_PRODUCT: OFFSET(维度字典!$E$2,0,0,COUNTA(维度字典!$E$2:$E$197),1)
Name LIST_REGION: OFFSET(维度字典!$G$2,0,0,COUNTA(维度字典!$G$2:$G$197),1)
Name LIST_SALESPERSON: OFFSET(维度字典!$C$2,0,0,COUNTA(维度字典!$C$2:$C$197),1)
Name LIST_TRADE: OFFSET(维度字典!$I$2,0,0,COUNTA(维度字典!$I$2:$I$197),1)

Sheet 维度字典
A1: 行业维度（可增删） | C1: 业务员（可增删） | E1: 产品 | G1: 区域 | I1: 内外贸 | K1: 目标填报指标 | L1: 汇总方式
A2: 航运 | C2: 张三 | E2: 钎焊 | G2: 华东 | I2: 内贸 | K2: 销售目标额 | L2: 求和
A3: 工业制冷 | C3: 李四 | E3: 可拆 | G3: 华南 | I3: 外贸 | K3: 毛利目标 | L3: 求和
A4: 电池 | C4: 王五 | G4: 华北 | K4: 毛利率目标 | L4: 手工录入
A5: 空调与热泵 | K5: 在手订单 | L5: 最新值
A6: 电力与暖通空调 | K6: 目标客户机会 | L6: 最新值
A7: 数据中心-背板冷却
A8: 数据中心-CDU
A9: 数据中心-储能
A10: 半导体
A11: 食品制药与化工行业
A12: 海外贸易公司
A13: 国内贸易公司

Sheet 目标填报
A1: 目标填报（按月）—— 业务员唯一填报入口：①年初设定3类目标（销售/毛利/毛利率）；②每月末更新「在手订单」「目标客户机会」实际值
B2: 填报维度（下拉选择） | J2: 月度填报（万元）—— 当月填当列 | V2: 全年 | W2: 备注
A3: 序号 | B3: 业务员* | C3: 应用行业* | D3: 产品* | E3: 区域 | F3: 内外贸 | G3: 产品型号 | H3: 客户名称 | I3: 填报指标* | J3: 1 | K3: 2 | L3: 3 | M3: 4 | N3: 5 | O3: 6 | P3: 7 | Q3: 8 | R3: 9 | S3: 10 | T3: 11 | U3: 12 | V3: 全年汇总 (自动/录入) | W3: 差异分析/备注
A4: =IF($B4="","",ROW()-3) -> 1 | B4: 张三 | C4: 工业制冷 | D4: 可拆 | E4: 华南 | F4: 内贸 | G4: XXX产品 | H4: 美的 | I4: 销售目标额 | J4: 1 | K4: 1 | L4: 1 | M4: 1 | N4: 1 | O4: 1 | P4: 1 | Q4: 1 | R4: 1 | S4: 1 | T4: 1 | U4: 1 | V4: =IF($I4="","",IF(IFERROR(VLOOKUP($I4,维度字典!$K$2:$L$47,2,0),"求和")="手工录入","",IF(IFERROR(VLOOKUP($I4,维度字典!$K$2:$L$47,2,0),"求和")="最新值",IFERROR(LOOKUP(9.99E+307,J4:U4),""),SUM(J4:U4)))) -> 12
A5: =IF($B5="","",ROW()-3) -> 2 | B5: 李四 | C5: 电池 | D5: 钎焊 | E5: 华北 | V5: =IF($I5="","",IF(IFERROR(VLOOKUP($I5,维度字典!$K$2:$L$47,2,0),"求和")="手工录入","",IF(IFERROR(VLOOKUP($I5,维度字典!$K$2:$L$47,2,0),"求和")="最新值",IFERROR(LOOKUP(9.99E+307,J5:U5),""),SUM(J5:U5))))
A6: =IF($B6="","",ROW()-3) | V6: =IF($I6="","",IF(IFERROR(VLOOKUP($I6,维度字典!$K$2:$L$47,2,0),"求和")="手工录入","",IF(IFERROR(VLOOKUP($I6,维度字典!$K$2:$L$47,2,0),"求和")="最新值",IFERROR(LOOKUP(9.99E+307,J6:U6),""),SUM(J6:U6))))
A7: =IF($B7="","",ROW()-3) | V7: =IF($I7="","",IF(IFERROR(VLOOKUP($I7,维度字典!$K$2:$L$47,2,0),"求和")="手工录入","",IF(IFERROR(VLOOKUP($I7,维度字典!$K$2:$L$47,2,0),"求和")="最新值",IFERROR(LOOKUP(9.99E+307,J7:U7),""),SUM(J7:U7))))
A8: =IF($B8="","",ROW()-3) | V8: =IF($I8="","",IF(IFERROR(VLOOKUP($I8,维度字典!$K$2:$L$47,2,0),"求和")="手工录入","",IF(IFERROR(VLOOKUP($I8,维度字典!$K$2:$L$47,2,0),"求和")="最新值",IFERROR(LOOKUP(9.99E+307,J8:U8),""),SUM(J8:U8))))
A9: =IF($B9="","",ROW()-3) | V9: =IF($I9="","",IF(IFERROR(VLOOKUP($I9,维度字典!$K$2:$L$47,2,0),"求和")="手工录入","",IF(IFERROR(VLOOKUP($I9,维度字典!$K$2:$L$47,2,0),"求和")="最新值",IFERROR(LOOKUP(9.99E+307,J9:U9),""),SUM(J9:U9))))
A10: =IF($B10="","",ROW()-3) | V10: =IF($I10="","",IF(IFERROR(VLOOKUP($I10,维度字典!$K$2:$L$47,2,0),"求和")="手工录入","",IF(IFERROR(VLOOKUP($I10,维度字典!$K$2:$L$47,2,0),"求和")="最新值",IFERROR(LOOKUP(9.99E+307,J10:U10),""),SUM(J10:U10))))
A11: =IF($B11="","",ROW()-3) | V11: =IF($I11="","",IF(IFERROR(VLOOKUP($I11,维度字典!$K$2:$L$47,2,0),"求和")="手工录入","",IF(IFERROR(VLOOKUP($I11,维度字典!$K$2:$L$47,2,0),"求和")="最新值",IFERROR(LOOKUP(9.99E+307,J11:U11),""),SUM(J11:U11))))
A12: =IF($B12="","",ROW()-3) | V12: =IF($I12="","",IF(IFERROR(VLOOKUP($I12,维度字典!$K$2:$L$47,2,0),"求和")="手工录入","",IF(IFERROR(VLOOKUP($I12,维度字典!$K$2:$L$47,2,0),"求和")="最新值",IFERROR(LOOKUP(9.99E+307,J12:U12),""),SUM(J12:U12))))
A13: =IF($B13="","",ROW()-3) | V13: =IF($I13="","",IF(IFERROR(VLOOKUP($I13,维度字典!$K$2:$L$47,2,0),"求和")="手工录入","",IF(IFERROR(VLOOKUP($I13,维度字典!$K$2:$L$47,2,0),"求和")="最新值",IFERROR(LOOKUP(9.99E+307,J13:U13),""),SUM(J13:U13))))
A14: =IF($B14="","",ROW()-3) | V14: =IF($I14="","",IF(IFERROR(VLOOKUP($I14,维度字典!$K$2:$L$47,2,0),"求和")="手工录入","",IF(IFERROR(VLOOKUP($I14,维度字典!$K$2:$L$47,2,0),"求和")="最新值",IFERROR(LOOKUP(9.99E+307,J14:U14),""),SUM(J14:U14))))
A15: =IF($B15="","",ROW()-3) | V15: =IF($I15="","",IF(IFERROR(VLOOKUP($I15,维度字典!$K$2:$L$47,2,0),"求和")="手工录入","",IF(IFERROR(VLOOKUP($I15,维度字典!$K$2:$L$47,2,0),"求和")="最新值",IFERROR(LOOKUP(9.99E+307,J15:U15),""),SUM(J15:U15))))
A16: =IF($B16="","",ROW()-3) | V16: =IF($I16="","",IF(IFERROR(VLOOKUP($I16,维度字典!$K$2:$L$47,2,0),"求和")="手工录入","",IF(IFERROR(VLOOKUP($I16,维度字典!$K$2:$L$47,2,0),"求和")="最新值",IFERROR(LOOKUP(9.99E+307,J16:U16),""),SUM(J16:U16))))
A17: =IF($B17="","",ROW()-3) | V17: =IF($I17="","",IF(IFERROR(VLOOKUP($I17,维度字典!$K$2:$L$47,2,0),"求和")="手工录入","",IF(IFERROR(VLOOKUP($I17,维度字典!$K$2:$L$47,2,0),"求和")="最新值",IFERROR(LOOKUP(9.99E+307,J17:U17),""),SUM(J17:U17))))
... A1500: =IF($B1500="","",ROW()-3) | V1500: =IF($I1500="","",IF(IFERROR(VLOOKUP($I1500,维度字典!$K$2:$L$47,2,0),"求和")="手工录入","",IF(IFERROR(VLOOKUP($I1500,维度字典!$K$2:$L$47,2,0),"求和")="最新值",IFERROR(LOOKUP(9.99E+307,J1500:U1500),""),SUM(J1500:U1500))))
